PctKids2Par,ViolentCrimesPerPop
0.72,2
0.77,1
0.29,5
0.55,3
0.77,0
0.5,3
0.51,7
0.87,2
0.54,4
0.58,1
0.2,9
0.84,0
0.71,1
0.73,2
0.56,3
0.58,1
0.69,2
0.61,1
0.92,0
0.59,1
0.3,5
0.75,1
0.51,7
0.59,1
0.45,6
0.72,1
0.25,2
0.27,4
0.26,5
0.21,4
0.23,8
0.56,1
0.41,4
0.47,2
0.51,2
0.76,1
0.71,1
0.55,1
0.73,1
0.41,2
0.64,1
0.79,1
0.65,0
0.59,3
0.88,1
0.35,5
0.7,0
0.82,0
0.71,1
0.6,3
0.87,0
0.57,2
0.72,1
0.76,0
0.44,2
0.52,1
0.73,1
0.77,1
0.49,1
0.13,7
0.43,8
0.58,6
0.76,1
0.62,2
0,10
0.81,1
0.75,0
0.77,0
0.81,1
0.31,8
0.29,5
0.86,0
0.3,8
0.72,1
0.73,0
0.72,0
0.38,3
0.49,2
0.3,3
0.53,1
0.86,1
0.88,1
0.48,2
0.47,7
0.92,0
0.55,5
0.81,0
0.55,3
0.61,2
0.9,1
0.51,2
0.69,5
0.57,1
0.85,1
0.36,10
0.49,2
0.53,5
0.77,1
0.6,3
0.56,3
0,9
0.46,4
0.12,10
0.82,1
0.79,1
0.41,2
0.36,9
0.2,2
0.53,0
0.71,5
0.49,3
0.65,0
0.71,2
0.6,4
0.67,1
0.64,1
0.61,1
0.49,3
0.52,7
0.76,1
0.34,6
0.77,2
0.7,0
0.12,10
0.52,6
0.63,4
0.9,1
0.82,0
0.54,2
0.77,2
0.67,1
0.43,5
0.56,4
0.54,10
0.81,1
0.87,2
0.86,0
0.49,8
0.86,1
0.66,0
0.81,0
0.81,1
0.69,2
0.36,6
0.23,7
0.54,5
0.55,4
0.81,1
0.96,0
0.48,3
0.45,2
0.64,1
0.83,0
0.65,2
0.83,1
0.38,5
0.57,2
0.68,1
0.8,1
0.67,1
0.47,2
0.51,3
0.85,1
0.82,0
0.56,2
0.64,1
0.61,4
0.82,0
0.83,1
0.8,1
0.33,5
0.44,1
0.79,1
0.81,1
0.77,1
0.71,1
0.09,5
0.9,1
0.67,1
0,10
0.44,3
0.83,0
0.93,0
0.84,1
0.92,0
0.56,2
0.74,2
0.8,0
0.51,4
0.6,4
0.57,2
0.55,1
0.88,1
0.89,0
0.5,2
0.4,2
0.61,3
0.45,4
0.89,0
0.64,2
0.3,3
0.34,5
0.98,0
0.65,2
0.48,5
0.28,10
0.89,0
0.83,0
0.58,2
0.64,1
0.66,1
0.3,5
0.59,2
0.63,3
0.81,1
0.79,1
0.96,0
0.75,1
0.53,2
0.44,5
0.68,2
0.89,0
0.53,5
0.78,1
0.56,1
0.88,0
0.75,1
0.5,3
0.49,3
0,9
0.45,3
0.41,8
0.77,1
0.83,0
0.31,5
0.88,1
0.56,2
0.86,0
0.65,3
0.4,2
0.98,0
0.75,0
0.35,3
0.36,4
0.93,0
0.38,5
0.84,0
0.72,4
0.03,6
0.33,9
0.46,7
0.84,1
0.42,2
0.76,2
0.7,1
0.11,5
0.53,2
0.43,7
0.36,4
0.61,1
0.53,4
0.44,3
0.58,1
0.62,1
0.56,3
0.15,6
0.82,1
0.9,0
0.94,0
0.36,9
0.54,3
0.6,2
0.58,4
0.55,0
0.44,4
0.78,1
0.11,3
0.8,3
0.32,2
0.54,1
0.9,0
0.15,7
0.86,0
0.53,5
0.89,1
0.56,2
0.82,1
0.59,3
0.48,0
0.64,3
0.51,5
0.1,9
0.77,2
0.37,9
0.57,1
0.26,6
0.6,1
0.25,6
0.6,3
0.74,2
0.35,2
0.51,3
0.59,4
0.33,6
0.38,2
0.12,10
0.68,1
0.81,1
0.73,5
0.31,0
0.42,2
0.88,0
0.31,6
0.39,1
0.61,0
0.74,0
0.69,2
0.56,2
0.18,10
0.89,1
0.23,9
0.76,2
0.67,4
0.82,1
0.32,8
0.09,3
0.77,1
0.64,3
0.77,1
0.77,1
0.5,1
0.43,9
0.93,0
0.76,0
0.64,3
0.86,0
0.67,1
0.91,0
0.27,8
0.62,1
0.8,1
0.49,3
0.76,2
0.46,2
0.52,5
0,5
0.42,7
0.7,3
0.77,0
0.8,0
0.54,3
0.51,1
0.94,0
0.53,6
0.53,4
0.48,3
0.47,3
0.38,3
0.29,3
0.63,1
0.13,6
0.43,1
0.27,2
0.22,4
0.89,1
0.62,3
0.72,0
0.72,1
0.8,1
0.09,2
0.74,3
0.51,4
0.41,5
0.48,6
0.81,0
0.25,8
0.53,3
0.59,7
0.51,3
0.76,0
0.7,1
0.13,4
0.8,1
0.72,1
0.35,10
0.41,6
0.25,7
0.6,1
0.74,1
0.57,7
0.44,10
0.67,1
0.96,0
0.73,1
0.19,10
0.79,1
0.81,1
0.81,0
0.79,2
0,10
0.55,2
0.88,0
0.69,2
0.8,1
0.91,1
0.41,3
0.5,5
0,9
0.44,3
0.37,3
0.24,5
0.42,5
0.64,2
0.62,1
0.55,2
0.61,1
0.62,4
0.72,0
0.93,0
0.2,7
0.51,2
0.51,3
0.85,0
0.76,1
0.77,1
0.43,6
0.55,1
0.89,0
0.76,1
0.07,8
0.18,10
0.67,3
0.68,2
0.85,0
0.88,0
0.74,1
0.84,0
0.46,2
0.41,7
0.41,2
0.43,10
0.49,4
0.51,6
0.51,3
0,10
0.82,1
0.7,2
0.67,4
0.97,0
0.66,4
0.95,1
0.68,1
0.94,0
0.28,7
0.49,2
0.6,1
0.77,2
0.59,3
0.62,0
0.58,6
0.64,2
0.81,1
0.73,0
0.14,2
0.66,1
0.83,1
0.73,2
0.66,2
0.9,0
0.52,1
0.63,0
0.67,0
0.86,0
0.93,0
0.37,1
0.98,0
0.42,3
0.92,0
0.18,6
0.37,5
0.53,5
0.1,7
0.84,0
0.77,0
0.55,2
0.63,1
0.53,5
0.52,7
0.8,0
0.72,1
0.8,1
0.46,5
0.47,2
0.62,3
0.78,2
0.53,1
0.58,1
0.34,7
0.75,1
0.54,5
0.05,7
0.52,1
0.36,10
0.46,3
0.74,2
0.44,7
0.71,3
0.87,0
0.66,4
0.72,0
0.68,2
0.18,3
0.6,0
0.59,7
0.43,3
0.72,2
0.8,2
0.86,0
0.57,2
0.83,1
0.6,3
0.8,1
0.78,1
0.72,2
0.63,1
0.18,4
0.66,2
0.72,1
0.5,5
0.61,2
0.96,1
0.71,1
0.89,1
0.59,1
0.52,1
0.97,0
0.23,9
0.82,0
0.68,1
0.69,1
0.59,2
0.7,1
0.83,0
0.53,7
0.56,2
0.77,2
0.37,10
0.23,7
0.73,2
0.84,0
0.86,3
0.68,1
0.4,7
0.88,1
0.71,2
0.57,3
0.05,4
0.67,1
0.46,5
0.79,1
0.72,1
0.43,3
0.75,1
0.78,0
0.63,1
0.74,1
0.85,2
0.67,1
0.5,4
0.58,4
0.98,0
0.58,4
0.66,6
0.59,3
0.58,0
0.86,1
0.58,1
0.67,1
0.4,5
0.74,1
0.7,1
0.77,1
0.73,1
0.66,4
0.43,10
0.59,2
0.39,2
0.78,2
0.61,1
0.4,5
0.85,0
0.49,4
0.78,1
0.89,0
0.47,3
0.47,2
0.69,1
0.63,1
0.58,4
0.62,2
0.82,1
0.63,8
0.68,2
0.49,2
0.88,1
0.32,9
0.79,1
0.73,2
0.37,4
0.88,2
0.59,2
0.21,6
0.42,10
0.51,5
0.43,4
0.6,3
0.36,4
0.67,2
0.71,3
0.68,1
0.71,3
0.78,3
0.68,3
0.42,5
0.58,1
0.58,1
0.82,1
0.65,6
0.5,2
0.87,0
0.59,3
0.86,0
0.7,2
0.62,2
0.28,10
0.44,2
0.45,4
0.86,0
0.81,1
0.81,1
0.76,2
0.26,3
0.74,1
0.8,1
0.76,1
0.41,5
0.39,4
0.41,10
0.56,5
0.84,0
0.46,6
0.7,3
0.4,0
0.7,1
0.76,1
0.72,1
0.76,1
0.8,1
0.77,1
0.5,3
0.83,1
0.71,1
0.19,4
0.41,3
0.38,10
0.58,1
0.86,0
0.41,2
0.78,0
0.39,5
0.47,4
0.43,2
0.89,0
0.66,3
0.51,2
0.44,2
0.8,1
0.76,1
0.48,1
0.85,0
0.94,0
0.82,1
0.54,3
0.55,4
0.87,0
0.65,1
0.91,0
0.62,2
0.82,0
0.37,6
0.7,1
0.5,1
0.76,2
0.73,1
0.94,0
0.6,3
0.47,4
0.74,1
0.82,1
0.94,0
0.58,7
0.75,0
0.71,1
0.74,1
0.62,2
0.57,1
0.28,7
0.85,0
0.89,2
0.95,0
0.82,1
0.54,1
0.7,3
0.2,8
0.44,5
0.12,2
0.85,1
0.86,1
0.48,7
0.65,0
0.47,6
0.5,7
0.57,2
0.52,3
0.38,7
0.07,8
0.94,1
0.63,3
0.52,4
0.96,0
0.44,4
0.93,0
0.45,6
0.81,1
0.91,0
0.68,2
0.73,1
0.61,1
0.48,2
0.47,1
0.84,1
0.65,2
0.4,1
0.65,4
0.49,7
0.59,1
0.6,2
0.78,0
0.76,1
0.35,6
0.78,1
0.91,1
0.85,1
0.69,3
0.56,1
0.64,0
0.71,1
0.81,1
0.79,2
0.62,0
0.74,0
0.59,5
0.6,5
0.74,2
0.71,2
0.72,1
0.68,1
0.68,1
0.5,2
0.48,1
0.4,5
0.4,3
0.55,2
0.45,2
0.48,4
0.38,4
0.65,1
0.96,0
0.69,2
0.46,5
0.54,3
0.55,3
0.96,0
0.95,0
0.89,1
0.71,1
0.97,1
0.41,1
0.5,4
0.39,3
0.83,2
0.51,1
0.81,0
0.76,2
0.96,0
0.82,2
0.86,1
0.61,3
0.22,4
0.41,1
0.61,6
0.64,1
0.63,1
0.53,2
0.52,1
0.72,2
0.78,1
0.97,0
0.94,0
0.39,4
0.87,1
0.51,2
0.58,1
0.85,1
0.69,1
0.89,1
0.22,5
0.48,5
0.66,3
0.68,2
0.63,2
0.75,1
0.79,0
0.71,3
0.7,1
0.59,5
0.45,5
0.81,1
0.56,2
0,10
0.71,2
0.87,1
0.42,3
0.54,3
0.53,2
1,0
0.96,0
0.73,1
0.62,3
0.72,1
0.83,2
0.61,2
0.8,4
0.07,9
0.65,3
0.16,10
0.83,1
0.64,2
0.71,2
0.67,1
0.64,1
0.54,3
0.49,3
0.82,1
0.84,1
0.42,6
0.49,2
0.78,1
0.92,0
0.9,0
0.95,1
0.73,1
0.69,3
0.21,7
0.38,6
0.53,1
0.19,10
0.21,7
0.9,1
0.77,2
0.39,4
0.4,6
0.86,0
0.88,1
0.91,1
0.75,7
0.82,0
0.72,1
0.41,2
0.78,0
0.83,1
0.56,4
0.69,5
0.77,2
0.76,1
0.82,0
0.82,0
0.91,0
0.58,3
0.69,1
0.79,0
0.32,6
0.34,4
0.83,0
0.38,3
0.85,1
0.16,3
0.52,3
0.54,1
0.49,2
0.78,1
0.5,2
0.77,1
0.74,1
0.79,0
0.67,2
0.71,0
0.89,0
0.89,1
0.98,0
0.57,1
0.67,1
0.56,3
0.58,1
0.28,7
1,0
0.66,0
0.6,2
0.87,1
0.52,3
0.77,1
0.69,1
0.57,3
0.82,1
0.87,0
0.84,1
0.76,1
0.73,2
0.44,6
0.27,7
0.74,2
0.78,1
0.43,1
0.27,3
0.61,2
0.75,0
0.17,4
0.37,2
0.26,8
0.58,1
0.41,3
0.94,0
0.66,1
0.95,1
0.89,1
0.67,1
0.63,3
0.5,3
0.43,1
0.35,4
0.64,1
0.57,1
0.73,2
0.42,3
0.91,2
0.74,1
0.91,0
0.53,1
0.76,0
0.66,3
0.54,0
0.7,0
0.44,7
0.66,0
0.91,1
0.58,2
0.6,3
0.36,4
0.81,0
0.81,0
0.72,1
0.02,10
0.75,1
0.74,1
0.49,2
0.65,0
0.78,0
0.64,3
0.63,2
0.41,5
0.47,3
0.59,1
0.82,2
0.79,1
0.58,6
0.92,1
0.6,1
0.75,0
0.63,1
0.58,4
0.66,1
0.81,1
0.96,1
0.59,2
0.75,1
0.43,7
0.78,0
0.5,6
0.82,1
0.49,2
0.7,0
0.62,1
0.48,3
0.76,1
0.47,4
0.8,0
0.73,0
0.56,2
0.59,2
0.18,9
0.76,1
0.59,2
0.53,2
0.67,1
0.51,1
0.78,1
0.82,1
0.56,3
0.72,1
0.79,1
0.72,3
0.56,0
0.91,0
0.83,1
0.64,4
0.62,4
0.67,5
0.5,4
0.38,5
0.88,1
0.95,0
0.33,5
0.21,5
0.65,2
0.65,1
0.71,1
0.94,2
0.46,2
0.86,0
0.77,2
0.58,5
0.67,2
0.4,1
0.89,1
0.63,1
0.56,2
0.85,1
0.45,4
0.61,1
0.6,0
0.48,2
0.51,5
0.66,1
0.46,8
0.39,6
0.37,3
0.22,2
0.61,3
0.71,1
0.73,0
0.61,1
0.62,2
0.62,2
0.68,2
0.84,1
0.71,1
0.94,0
0.57,3
0.45,3
0.74,1
0.55,4
0.74,1
0.9,0
0.74,1
0.61,3
0.56,2
0.64,2
0.78,2
0.61,2
0.97,0
0.48,1
0.54,3
0.65,2
0.93,0
0.66,2
0.42,3
0.78,2
0.25,5
0.67,5
0.44,8
0.53,3
0.65,0
0.49,5
0.94,0
0.46,1
0.69,3
0.14,10
0.66,3
0.45,2
0.88,0
0.65,1
0.69,4
0.75,1
0.76,1
0.62,2
0.51,1
0.22,4
0.6,1
0.61,1
0.68,6
0.81,1
0.94,0
0.81,1
0.62,4
0.9,0
0.94,1
0.24,8
0.24,9
0.72,0
0.8,1
0.46,4
0.69,2
0.65,3
0.55,3
0.68,2
0.52,4
0.59,2
0.51,5
0.58,4
0.8,1
0.81,1
0.54,2
0.61,4
0.6,2
0.66,1
0.77,1
0.62,1
0.66,2
0.66,2
0.75,1
0.57,1
0.79,1
0.78,2
0.18,7
0.9,0
0.88,0
0.8,0
0.91,2
0.45,3
0.94,2
0.46,8
0.67,1
0.69,2
0.75,0
0.82,1
0.91,1
0.7,3
0.53,3
0.87,1
0.48,1
0.52,1
0.57,1
0.72,1
0.68,4
0.76,1
0.55,1
0.79,0
0.76,1
0.62,1
0.96,0
0.79,2
0.03,9
0.31,6
0.67,0
0.37,7
0.92,0
0.6,3
0.85,0
0.31,4
0.85,0
0.45,2
0.52,2
0.72,2
0.7,1
0.58,3
0.28,6
0.95,0
0.83,1
0.91,1
0.6,3
0.69,4
0.88,1
0.42,5
0.48,6
0.68,3
0.49,3
0.9,0
0.68,4
0.71,2
0.84,0
0.68,1
0.9,1
0.74,0
0.43,4
0.59,5
0.65,2
0.55,3
0.72,1
0.5,6
0.85,0
0.22,6
0.82,1
0.6,2
0.77,1
0.86,0
0.58,3
0.55,2
0.88,1
0.35,5
0.42,2
0.47,4
0.4,5
0.71,2
0.72,1
0.54,2
0.54,5
0.65,1
0.73,1
0.93,0
0.61,1
0.45,2
0.81,1
0.61,2
0.85,1
0.4,5
0.29,5
0.87,0
0.45,4
0.49,3
0.41,3
0.72,0
0.23,4
0.74,1
0.16,9
0.9,1
0.54,1
0.45,3
0.73,2
0.22,2
0.42,7
0.9,0
0.89,0
0.59,2
0.47,3
0.72,1
0.53,5
0.59,4
0.24,10
0.65,0
0.5,2
0.66,1
0.86,1
0.55,1
0.77,1
0.59,1
0.76,1
0.52,1
0.81,1
0.57,4
0.68,2
0.7,1
0.51,1
0.52,1
0.63,5
0.77,1
0.83,3
0.64,4
0.96,0
0.67,1
0.92,0
0.76,1
0.6,2
0.41,3
0.31,2
0.55,2
0.27,10
0.47,6
0.56,2
0.75,0
0.59,2
0.05,8
0.7,1
0.65,1
0.64,3
0.96,0
0.88,1
0.8,3
0.73,0
0.74,1
0.54,2
0.74,1
0.23,8
0.82,1
0.68,1
0.7,2
0.49,1
0.69,1
0.93,1
0.25,4
0.69,1
0.54,2
0.61,3
0.57,5
0.66,1
0.63,2
0.39,7
0.59,3
0.75,2
0.47,6
0,4
0.57,2
0.78,0
0.23,8
0.69,1
0.82,1
0.9,0
0.82,0
0.74,2
0.54,3
0.55,2
0.5,2
0.78,0
0.81,1
0.67,1
0.71,3
0.74,1
0.6,0
0.64,1
0.65,1
0.72,0
0.51,0
0.52,2
0.72,1
0.62,2
0.54,4
0.6,0
0.89,1
0.57,1
0.59,2
0.83,1
0.58,5
0.66,2
0.86,1
0.65,1
0.61,6
0.21,10
0.67,1
0.7,3
0.88,1
0.79,1
0.44,3
0.67,2
0.22,4
0.48,5
0.86,1
0.68,2
0.62,5
0.61,8
0.3,3
0.62,2
0.58,4
0.59,1
0.95,0
0.54,2
0.86,1
0.67,1
0.81,3
0.49,2
0.92,0
0.93,8
0.64,7
0.97,0
0.95,1
0.47,5
0.97,0
0.84,1
0.92,1
0.75,1
0.64,1
0.47,2
0.84,1
0.87,0
0.47,1
0.85,1
0.56,4
0.86,0
0.55,3
0.03,6
0.64,1
0.57,4
0.79,1
0.59,3
0.87,0
0.65,2
0.15,6
0.79,1
0.5,2
0.87,0
0.68,2
0.86,1
0.87,1
0.65,1
0.51,2
0.66,2
0.52,3
0.81,1
0.39,3
0.59,2
0.67,3
0.49,5
0.63,2
0.73,0
0.29,9
0.76,1
0.88,1
0.37,5
0.21,4
0.92,0
0.65,1
0.33,8
0.72,2
0.8,1
0.39,3
0.68,1
0.48,6
0.79,1
0.58,2
0.79,1
0.73,4
0.91,0
0.54,3
0.68,1
0.99,0
0.51,2
0.64,0
0.95,1
0.37,4
0.67,2
0.38,7
0.63,1
0.74,3
0.35,2
0.34,4
0.72,0
0.55,1
0.89,1
0.68,2
0.81,0
0.85,1
0.84,0
0.59,2
0.88,0
0.8,1
0.43,2
0.59,2
0.8,1
0.25,10
0.66,0
0.41,5
0.92,1
0.21,10
0.49,5
0.51,3
0.71,4
0.54,5
0.25,10
0.56,1
0.37,10
0.71,2
0.44,9
0.76,1
0.17,10
0.65,2
0.66,4
0.73,2
0.39,3
0.69,2
0.49,1
0.8,1
0.46,2
0.95,0
0.94,0
0.35,8
0.68,3
0.49,1
0.38,8
0.69,1
0.42,3
0.89,1
0.56,4
0.56,1
0.44,8
0.57,2
0.2,4
0.83,1
0.29,5
0.6,0
0.7,1
0.76,2
0.93,0
0.84,1
0.56,2
0.48,5
0.47,5
0.88,1
0.84,1
0.86,1
0,10
0.74,1
0.68,1
0.67,2
0.62,2
0.59,1
0.92,0
0.54,2
0.63,2
0.49,3
0.21,8
0.45,3
0.56,0
0.17,6
0.53,3
0.88,0
0.82,1
0.57,2
0.48,5
0.76,1
0.51,3
0.61,6
0.88,0
0.58,1
0.68,2
0.7,1
0.17,3
0.44,6
0.68,1
0.86,1
0.38,7
0.57,1
0.54,5
0.48,1
0.87,0
0.91,0
0.56,1
0.17,5
0.87,0
0.88,0
0.53,1
0.67,0
0.48,4
0.88,1
0.53,2
0.54,3
0.54,1
0.74,0
0.86,1
0.61,2
0.95,1
0.51,5
0.78,2
0.94,1
0.53,4
0.29,4
0.35,2
0.57,5
0.88,1
0.72,1
0.53,3
0.49,4
0.4,4
0.49,1
0.5,1
0.74,1
0.82,0
0.83,2
0.61,3
0.46,3
0.66,1
0.84,1
0.87,0
0.26,6
0.59,1
0.55,1
0.56,6
0.79,2
0.52,4
0.62,1
0.84,2
0.31,6
0.81,1
0.76,1
0.53,4
0.92,1
0.81,1
0.72,2
0.56,2
0.57,10
0.55,8
0.31,3
0.13,7
0.72,2
0.62,1
0.8,0
0.83,0
0.76,0
0.5,2
0.54,5
0.41,2
0.66,0
0.67,1
0.73,1
0.78,1
0.67,2
0.53,2
0.8,1
0.58,2
0.76,3
0.59,1
0.88,0
0.61,2
0.69,1
0.74,2
0.24,5
0.71,1
0.49,2
0.74,5
0.89,0
0.69,0
0.76,2
0.44,5
0.4,5
0.97,0
0.28,3
0.85,1
0.68,1
0.8,1
0.44,2
0.53,4
0.53,6
0.62,1
0.66,2
0.88,1
0.58,4
0.65,1
0.77,1
0.71,1
0.54,1
0.56,1
0.53,2
0.48,1
0.58,2
0.89,1
0.18,7
0,10
0.19,10
0.5,2
0.58,2
0.93,0
0.55,3
0.77,1
0.75,1
0.07,9
0.73,1
0.67,2
0.78,1
0.96,0
0,10
0.75,0
0.81,2
0.22,4
0.8,1
0.55,0
0.51,4
0.62,2
0.92,1
0.86,2
0,10
0.56,2
0.59,2
0.48,5
0.68,2
0.41,5
0.16,10
0.46,1
0.55,2
0.92,1
0.82,0
0.49,2
0.64,2
0.85,3
0.48,7
0.42,1
0.77,1
0.76,2
0.83,1
0.29,7
0.82,1
0.94,0
0.76,0
0.48,6
0.77,1
0.39,8
0.38,4
0.44,1
0.75,1
0.8,1
0.64,2
0.72,1
0.62,1
0.14,6
0.64,3
0.72,4
0.37,2
0.39,4
0.59,2
0.77,1
0.76,1
0.84,0
0.48,3
0.79,1
0.61,3
0.31,6
0.5,3
0.72,1
0.76,1
0.71,1
0.72,2
0.5,3
0.43,3
0.87,0
0.92,1
0.93,1
0.76,1
0.78,1
0.54,2
0.57,5
0.62,2
0.91,0
0.47,7
0.72,3
0.76,1
0.84,0
0.81,1
0.55,2
0.18,10
0.58,1
0.83,1
0.66,1
0.15,3
0.75,0
0.51,2
0.59,3
0.61,1
0.49,5
0.7,0
0.49,2
0.82,1
0.86,1
0.67,1
0.62,2
0.3,2
0.42,2
0.63,1
0.16,7
0.52,6
0.78,2
0.94,0
0.73,3
0.15,6
0.71,0
0,10
0.4,1
0.68,1
0.8,2
0.55,2
0.69,2
0.8,0
0.38,3
0.61,2
0.6,2
0.34,7
0.63,1
0.85,0
0.9,0
0.75,0
0.62,1
0.68,1
0.77,1
0.49,3
0.23,2
0.41,2
0.48,3
0.9,0
0.9,0
0.78,2
0.49,3
0.39,7
0.81,2
0.75,1
0.55,2
0.98,1
0.84,1
0.51,0
0.73,3
0.53,2
0.49,3
0.55,3
0.67,3
0.21,6
0.82,0
0.53,8
0.46,4
0.94,0
0.53,1
0.63,5
0.81,1
0.84,1
0.59,2
0.45,3
0.66,0
0.63,0
0.25,5
0.97,0
0.49,1
0.88,0
0.92,1
0.8,1
0.91,1
0.77,1
0.89,0
0.46,5
0.68,2
0.81,1
0.66,3
0.27,6
0.94,0
0.47,8
0.71,1
0.62,1
0.68,2
0.73,0
0.72,1
0.49,2
0.95,1
0.54,2
0.12,10
0.05,9
0.59,2
0.45,4
0.78,0
0.61,3
0.94,0
0.62,1
0.28,5
0.52,1
0.9,0
0.73,1
0.48,1
0.44,6
0.73,2
0.43,4
0.87,0
0.68,1
0.81,0
0.33,6
0.44,4
0.75,0
0.07,3
0.92,0
0.59,1
0.68,2
0.85,1
0.47,3
0.93,0
0.88,0
0.46,6
0.61,2
0.45,5
0.73,1
0.36,2
0.23,10
0.97,1
0.8,0
0.72,1
0.54,1
0.83,1
0.43,2
0.87,0
0.9,2
0.68,1
0.62,1
0.24,5
0.68,1
0.85,1
0.69,1
0.85,0
0.47,4
0.74,3
0.58,3
0.73,1
0.36,1
0.49,7
0.42,4
0.49,4
0.71,1
0.83,2
0.64,2
0.83,1
0.75,1
0.15,10
0.82,2
0.69,3
0.62,1
0.92,1
0.76,1
0.49,10
0.73,0
0.23,5
0.46,3
0.94,0
0.75,1
0.86,0
0.77,1
0.56,1
0.69,1
0,9
0.89,0
0.84,1
0.64,0
0.76,1
0.64,0
0.56,2
0.48,2
0.72,2
0.47,1
0.41,4
0.24,6
0.21,3
0.38,3
0.62,2
0.75,1
0.63,1
0.59,2
0.67,1
0.54,1
0.82,1
0.68,2
0.74,1
0.67,2
0.72,3
0.56,2
0.92,0
0.65,1
0.96,0
0.76,1
0.33,4
0.29,6
0.63,2
0.73,1
0.6,4
0.52,2
0.62,2
0.62,5
0.67,1
0.53,2
0.74,2
0.84,0
0.81,0
0.74,1
0.87,0
0.33,6
0.67,2
0.62,3
0.87,1
0.6,2
0.59,2
0.6,4
0.67,5
0.44,3
0.41,3
0.51,4
0.46,3
0.39,4
0.84,0
